Workbook

Sheet FMV Review
A1: Fair Market Value Review
A2: Provider 1 · Pediatric Critical Care
A3: Confidential — market-based compensation assessment
A4: REVIEW SNAPSHOT
A5: Experience (yrs) | B5: 8 | D5: Review Type | E5: Existing Provider — Salary Adjustment
A6: FTE | B6: 1 | D6: Review Date | E6: 46242.569
A7: Clinical FTE | B7: 1
A9: MARKET DATA — TCC | B9: n | D9: p25 | E9: p50 | F9: p75 | G9: p90
A10: Survey | B10: 265 | D10: 281037.74 | E10: 321037.74 | F10: 366037.74 | G10: 412716.98
A12: MARKET DATA — WRVUS | B12: n | D12: p25 | E12: p50 | F12: p75 | G12: p90
A13: Survey | B13: 265 | D13: 3603.9623 | E13: 4203.9623 | F13: 4903.9623 | G13: 5603.9623
A15: COMPENSATION ANALYSIS | B15: Base | C15: Component 1 | D15: Component 2 | E15: Component 3 | F15: TCC | G15: Benefits | H15: Total + Benefits
A16: Current | B16: 316200 | C16: 0 | D16: 0 | F16: =SUM(B16:E16) | G16: =F16*0.048 | H16: =F16+G16
A17: Proposed | B17: 325000 | C17: 42000 | D17: 0 | F17: =SUM(B17:E17) | G17: =F17*0.048 | H17: =F17+G17
A18: Δ Change | B18: =B17-B16 | C18: =C17-C16 | D18: =D17-D16 | E18: =E17-E16 | F18: =F17-F16 | G18: =G17-G16 | H18: =H17-H16
A20: Current TCC %ile | B20: =IFERROR(IF(F16<=$E$10,25+(F16-$D$10)/($E$10-$D$10)*25,IF(F16<=$F$10,50+(F16-$E$10)/($F$10-$E$10)*25,75+(F16-$F$10)/($G$10-$F$10)*15)),"") | D20: Proposed %ile | E20: =IFERROR(IF(F17<=$E$10,25+(F17-$D$10)/($E$10-$D$10)*25,IF(F17<=$F$10,50+(F17-$E$10)/($F$10-$E$10)*25,75+(F17-$F$10)/($G$10-$F$10)*15)),"")
A21: Total wRVUs | B21: 4228 | D21: wRVU %ile | E21: =IFERROR(IF(B21<=$E$13,25+(B21-$D$13)/($E$13-$D$13)*25,IF(B21<=$F$13,50+(B21-$E$13)/($F$13-$E$13)*25,75+(B21-$F$13)/($G$13-$F$13)*15)),"")
A23: SUMMARY & RATIONALE
A27: BACKGROUND
A30: Provider Background:

Sheet Tracker
A1: FMV Reviews — Tracker
A5: Label | B5: Track # | C5: Submit Date | F5: Provider | G5: Specialty | I5: Experience | J5: Type | K5: FTE | Q5: Cur Base | R5: Cur Comp 1 | S5: Cur Comp 2 | T5: Cur TCC | U5: Cur Benefits | V5: TCC %ile | W5: wRVUs | X5: wRVU %ile | AA5: Prop Base | AB5: Prop Comp 1 | AC5: Prop Comp 2 | AD5: Prop TCC | AE5: Prop Benefits | AP5: Proj %ile
A6: Fiscal Year Requests | B6: 100026 | C6: 46242.569 | F6: Provider 1 | G6: Pediatric Critical Care | I6: 8 | J6: Adjustment | K6: 1 | L6: 1 | M6: 0 | N6: 0 | O6: 0 | Q6: 316200 | R6: 0 | S6: 0 | T6: =SUM(Q6:S6) | U6: =T6*0.048 | V6: ='FMV Review'!B20 | W6: 4228 | X6: ='FMV Review'!E21 | AA6: 325000 | AB6: 42000 | AC6: 0 | AD6: =SUM(AA6:AC6) | AE6: =AD6*0.048 | AF6: =AA6-Q6 | AG6: =AB6-R6 | AH6: =AC6-S6 | AI6: =AD6-T6 | AJ6: =AE6-U6 | AK6: =IFERROR(AF6/Q6,0) | AL6: =IFERROR(AG6/R6,0) | AM6: =IFERROR(AH6/S6,0) | AN6: =IFERROR(AI6/T6,0) | AO6: =IFERROR(AJ6/U6,0) | AP6: ='FMV Review'!E20 | AR6: ='FMV Review'!B10 | AS6: ='FMV Review'!C10 | AT6: ='FMV Review'!D10 | AU6: ='FMV Review'!E10 | AV6: ='FMV Review'!F10 | AW6: ='FMV Review'!G10 | AX6: ='FMV Review'!B13 | AY6: ='FMV Review'!C13 | AZ6: ='FMV Review'!D13 | BA6: ='FMV Review'!E13 | BB6: ='FMV Review'!F13 | BC6: ='FMV Review'!G13
